0,H
1,H
2,NH
3,NH
4,H
5,NH
6,H
7,H
8,H
9,H
10,H
11,H
12,NH
13,NH
14,H
15,H
16,H
17,NH
18,NH
19,H
20,NH
21,NH
22,H
23,NH
24,NH
25,H
26,NH
27,NH
28,NH
29,NH
30,H
31,NH
32,H
33,NH
34,NH
35,NH
36,NH
37,H
38,H
39,NH
40,NH
41,NH
42,H
43,H
44,H
45,NH
46,NH
47,NH
48,H
49,H
50,H
51,H
52,NH
53,NH
54,H
55,H
56,NH
57,NH
58,NH
59,NH
60,NH
61,NH
62,NH
63,NH
64,NH
65,NH
66,NH
67,NH
68,NH
69,H
70,NH
71,NH
72,H
73,NH
74,NH
75,NH
76,H
77,H
78,NH
79,H
80,H
81,NH
82,NH
83,H
84,NH
85,H
86,H
87,NH
88,NH
89,NH
90,H
91,H
92,H
93,H
94,NH
95,H
96,NH
97,NH
98,NH
99,H
100,H
101,H
102,H
103,H
104,H
105,H
106,H
107,NH
108,H
109,H
110,NH
111,H
112,NH
113,NH
114,H
115,H
116,H
117,NH
118,NH
119,NH
120,H
121,NH
122,H
123,NH
124,H
125,NH
126,H
127,NH
128,H
129,H
130,H
131,H
132,NH
133,NH
134,NH
135,NH
136,H
137,H
138,NH
139,NH
140,NH
141,NH
142,H
143,NH
144,NH
145,NH
146,H
147,H
148,H
149,H
150,NH
151,H
152,NH
153,H
154,H
155,H
156,H
157,H
158,H
159,H
160,NH
161,NH
162,H
163,H
164,H
165,H
166,NH
167,H
168,NH
169,NH
170,H
171,NH
172,H
173,H
174,H
175,H
176,H
177,NH
178,NH
179,NH
180,H
181,H
182,H
183,NH
184,H
185,H
186,H
187,H
188,NH
189,H
190,NH
191,NH
192,NH
193,NH
194,NH
195,H
196,H
197,H
198,H
199,NH
200,H
201,NH
202,NH
203,NH
204,H
205,H
206,H
207,NH
208,H
209,NH
210,NH
211,H
212,H
213,H
214,H
215,NH
216,NH
217,NH
218,NH
219,NH
220,H
221,H
222,NH
223,NH
224,H
225,H
226,NH
227,NH
228,NH
229,NH
230,NH
231,H
232,NH
233,NH
234,NH
235,NH
236,H
237,H
238,H
239,NH
240,H
241,NH
242,H
243,NH
244,NH
245,NH
246,NH
247,H
248,NH
249,H
250,H
251,H
252,NH
253,NH
254,NH
255,H
256,NH
257,NH
258,H
259,NH
260,NH
261,H
262,NH
263,H
264,NH
265,NH
266,NH
267,H
268,H
269,H
270,NH
271,NH
272,NH
273,H
274,H
275,NH
276,H
277,NH
278,NH
279,H
280,NH
281,NH
282,H
283,NH
284,NH
285,H
286,NH
287,NH
288,NH
289,H
290,NH
291,H
292,H
293,NH
294,NH
295,NH
296,H
297,NH
298,H
299,H
300,H
301,NH
302,NH
303,NH
304,H
305,NH
306,H
307,NH
308,NH
309,H
310,NH
311,H
312,NH
313,NH
314,H
315,H
316,NH
317,H
318,NH
319,NH
320,H
321,H
322,H
323,NH
324,H
325,NH
326,H
327,H
328,H
329,NH
330,NH
331,H
332,NH
333,NH
334,H
335,NH
336,H
337,NH
338,H
339,NH
340,NH
341,NH
342,NH
343,H
344,NH
345,NH
346,H
347,H
348,H
349,NH
350,H
351,NH
352,NH
353,H
354,NH
355,NH
356,H
357,H
358,NH
359,H
360,H
361,H
362,NH
363,H
364,H
365,H
366,NH
367,H
368,H
369,NH
370,NH
371,NH
372,NH
373,NH
374,H
375,NH
376,H
377,H
378,H
379,H
380,NH
381,H
382,H
383,NH
384,H
385,NH
386,H
387,NH
388,NH
389,H
390,NH
391,NH
392,H
393,H
394,NH
395,H
396,H
397,H
398,H
399,NH
400,NH
401,NH
402,NH
403,NH
404,NH
405,H
406,NH
407,NH
408,NH
409,NH
410,NH
411,H
412,NH
413,H
414,NH
415,H
416,NH
417,NH
418,NH
419,NH
420,H
421,H
422,NH
423,NH
424,NH
425,NH
426,NH
427,NH
428,NH
429,NH
430,H
431,NH
432,H
433,H
434,NH
435,NH
436,H
437,H
438,NH
439,H
440,NH
441,H
442,NH
443,H
444,NH
445,NH
446,H
447,NH
448,NH
449,NH
450,NH
451,NH
452,H
453,NH
454,NH
455,NH
456,NH
457,H
458,H
459,H
460,NH
461,NH
462,H
463,NH
464,NH
465,H
466,NH
467,NH
468,NH
469,H
470,H
471,NH
472,H
473,H
474,NH
475,NH
476,H
477,NH
478,NH
479,H
480,NH
481,NH
482,NH
483,NH
484,H
485,H
486,H
487,NH
488,NH
489,NH
490,H
491,H
492,H
493,NH
494,NH
495,H
496,H
497,H
498,NH
499,NH
500,NH
501,H
502,NH
503,NH
504,NH
505,NH
506,H
507,H
508,NH
509,H
510,NH
511,H
512,NH
513,NH
514,NH
515,NH
516,NH
517,NH
518,NH
519,H
520,H
521,NH
522,H
523,NH
524,NH
525,H
526,H
527,H
528,NH
529,H
530,NH
531,H
532,NH
533,NH
534,NH
535,NH
536,H
537,NH
538,H
539,NH
540,H
541,H
542,H
543,NH
544,H
545,NH
546,H
547,NH
548,H
549,NH
550,H
551,NH
552,NH
553,H
554,H
555,NH
556,H
557,NH
558,H
559,NH
560,NH
561,NH
562,NH
563,NH
564,H
565,H
566,H
567,H
568,H
569,NH
570,NH
571,NH
572,NH
573,H
574,NH
575,NH
576,NH
577,NH
578,H
579,NH
580,H
581,NH
582,H
583,NH
584,H
585,NH
586,H
587,H
588,H
589,H
590,NH
591,H
592,H
593,H
594,H
595,H
596,NH
597,NH
598,NH
599,NH
600,NH
601,H
602,NH
603,NH
604,NH
605,H
606,NH
607,NH
608,NH
609,NH
610,NH
611,H
612,NH
613,NH
614,NH
615,H
616,H
617,H
618,H
619,NH
620,NH
621,H
622,NH
623,NH
624,NH
625,H
626,H
627,H
628,NH
629,NH
630,NH
631,H
632,NH
633,H
634,NH
635,NH
636,H
637,H
638,NH
639,NH
640,H
641,H
642,NH
643,NH
644,H
645,NH
646,H
647,NH
648,NH
649,H
650,NH
651,H
652,NH
653,NH
654,H
655,NH
656,H
657,NH
658,NH
659,H
660,H
661,H
662,H
663,H
664,H
665,H
666,NH
667,H
668,NH
669,H
670,H
671,NH
672,H
673,H
674,NH
675,NH
676,NH
677,NH
678,NH
679,H
680,NH
681,NH
682,NH
683,NH
684,NH
685,NH
686,NH
687,NH
688,H
689,H
690,H
691,H
692,H
693,NH
694,H
695,H
696,NH
697,NH
698,H
699,H
700,NH
701,NH
702,H
703,NH
704,NH
705,H
706,H
707,NH
708,H
709,H
710,H
711,NH
712,H
713,H
714,H
715,H
716,NH
717,NH
718,NH
719,NH
720,NH
721,NH
722,NH
723,NH
724,NH
725,NH
726,NH
727,NH
728,H
729,NH
730,H
731,NH
732,H
733,H
734,NH
735,H
736,H
737,H
738,H
739,NH
740,NH
741,NH
742,NH
743,NH
744,H
745,H
746,NH
747,NH
748,H
749,NH
750,H
751,H
752,NH
753,H
754,H
755,H
756,NH
757,H
758,NH
759,H
760,NH
761,NH
762,NH
763,H
764,H
765,H
766,NH
767,H
768,NH
769,H
770,NH
771,NH
772,NH
773,H
774,H
775,NH
776,NH
777,H
778,NH
779,NH
780,H
781,NH
782,H
783,NH
784,NH
785,NH
786,NH
787,H
788,H
789,H
790,NH
791,H
792,H
793,NH
794,H
795,NH
796,NH
797,H
798,H
799,H
800,H
801,NH
802,H
803,NH
804,NH
805,NH
806,H
807,NH
808,NH
809,NH
810,H
811,H
812,H
813,NH
814,H
815,NH
816,H
817,H
818,H
819,H
820,H
821,H
822,H
823,NH
824,NH
825,H
826,H
827,NH
828,NH
829,NH
830,NH
831,NH
832,H
833,NH
834,NH
835,H
836,NH
837,NH
838,H
839,H
840,H
841,NH
842,H
843,NH
844,NH
845,H
846,H
847,H
848,H
849,H
850,NH
851,NH
852,NH
853,NH
854,NH
855,H
856,H
857,NH
858,NH
859,NH
860,NH
861,H
862,H
863,NH
864,NH
865,H
866,H
867,NH
868,NH
869,H
870,H
871,H
872,NH
873,NH
874,NH
875,NH
876,NH
877,NH
878,H
879,H
880,H
881,NH
882,H
883,H
884,H
885,H
886,NH
887,H
888,NH
889,H
890,H
891,NH
892,H
893,NH
894,NH
895,NH
896,NH
897,NH
898,NH
899,H
900,NH
901,H
902,H
903,H
904,H
905,H
906,NH
907,H
908,H
909,H
910,NH
911,H
912,H
913,H
914,H
915,NH
916,NH
917,H
918,NH
919,NH
920,NH
921,H
922,NH
923,H
924,H
925,NH
926,H
927,H
928,NH
929,H
930,NH
931,H
932,H
933,NH
934,NH
935,NH
936,H
937,NH
938,NH
939,H
940,NH
941,H
942,NH
943,H
944,NH
945,NH
946,H
947,NH
948,NH
949,NH
950,H
951,NH
952,NH
953,H
954,H
955,NH
956,NH
957,NH
958,NH
959,H
960,NH
961,H
962,NH
963,NH
964,H
965,H
966,H
967,NH
968,H
969,H
970,H
971,H
972,NH
973,H
974,H
975,H
976,H
977,NH
978,H
979,NH
980,H
981,NH
982,NH
983,NH
984,NH
985,NH
986,H
987,NH
988,NH
989,NH
990,H
991,NH
992,H
993,H
994,NH
995,H
996,H
997,H
998,H
999,NH
1000,H
1001,NH
1002,NH
1003,NH
1004,H
1005,NH
1006,NH
1007,H
1008,H
1009,H
1010,NH
1011,H
1012,NH
1013,NH
1014,NH
1015,H
1016,NH
1017,NH
1018,NH
1019,H
1020,H
1021,H
1022,H
1023,NH
1024,H
1025,NH
1026,NH
1027,NH
1028,H
1029,NH
1030,H
1031,NH
1032,H
1033,NH
1034,NH
1035,NH
1036,H
1037,NH
1038,NH
1039,H
1040,H
1041,NH
1042,H
1043,H
1044,H
1045,H
1046,NH
1047,H
1048,H
1049,H
1050,NH
1051,H
1052,NH
1053,NH
1054,NH
1055,NH
1056,NH
1057,H
1058,NH
1059,NH
1060,H
1061,H
1062,H
1063,NH
1064,H
1065,NH
1066,H
1067,H
1068,H
1069,H
1070,NH
1071,H
1072,NH
1073,H
1074,H
1075,NH
1076,NH
1077,H
1078,H
1079,NH
1080,H
1081,H
1082,H
1083,NH
1084,H
1085,NH
1086,NH
1087,NH
1088,NH
1089,NH
1090,NH
1091,H
1092,H
1093,NH
1094,NH
1095,H
1096,H
1097,NH
1098,H
1099,NH
1100,H
1101,NH
1102,H
1103,H
1104,H
1105,NH
1106,NH
1107,H
1108,H
1109,H
1110,NH
1111,H
1112,NH
1113,H
1114,NH
1115,NH
1116,NH
1117,NH
1118,NH
1119,H
1120,NH
1121,H
1122,NH
1123,H
1124,H
1125,H
1126,NH
1127,H
1128,NH
1129,H
1130,NH
1131,H
1132,NH
1133,H
1134,NH
1135,H
1136,NH
1137,NH
1138,NH
1139,NH
1140,H
1141,H
1142,H
1143,H
1144,NH
1145,H
1146,H
1147,NH
1148,NH
1149,NH
1150,NH
1151,H
1152,H
1153,NH
1154,NH
1155,NH
1156,H
1157,NH
1158,NH
1159,NH
1160,NH
1161,NH
1162,NH
1163,NH
1164,H
1165,H
1166,NH
1167,H
1168,H
1169,NH
1170,NH
1171,NH
1172,NH
1173,NH
1174,NH
1175,NH
1176,NH
1177,H
1178,NH
1179,NH
1180,H
1181,NH
1182,H
1183,NH
1184,H
1185,NH
1186,H
1187,H
1188,H
1189,NH
1190,NH
1191,H
1192,NH
1193,NH
1194,NH
1195,NH
1196,NH
1197,H
1198,H
1199,H
1200,NH
1201,H
1202,NH
1203,NH
1204,NH
1205,H
1206,H
1207,NH
1208,H
1209,H
1210,NH
1211,H
1212,H
1213,NH
1214,H
1215,H
1216,NH
1217,NH
1218,NH
1219,H
1220,NH
1221,NH
1222,H
1223,NH
1224,H
1225,NH
1226,NH
1227,NH
1228,NH
1229,NH
1230,NH
1231,NH
1232,H
1233,H
1234,NH
1235,H
1236,H
1237,H
1238,NH
1239,NH
1240,NH
1241,NH
1242,H
1243,H
1244,NH
1245,NH
1246,NH
1247,NH
1248,H
1249,NH
1250,H
1251,NH
1252,NH
1253,H
1254,H
1255,NH
1256,H
1257,NH
1258,NH
1259,H
1260,NH
1261,H
1262,NH
1263,NH
1264,H
1265,NH
1266,H
1267,NH
1268,H
1269,H
1270,H
1271,H
1272,H
1273,NH
1274,NH
1275,NH
1276,NH
1277,H
1278,H
1279,NH
1280,NH
1281,H
1282,NH
1283,NH
1284,H
1285,NH
1286,NH
1287,H
1288,NH
1289,H
1290,NH
1291,NH
1292,NH
1293,H
1294,NH
1295,H
1296,NH
1297,H
1298,H
1299,H
1300,NH
1301,NH
1302,NH
1303,H
1304,NH
1305,H
1306,NH
1307,NH
1308,H
1309,H
1310,NH
1311,H
1312,H
1313,NH
1314,NH
1315,H
1316,H
1317,H
1318,H
1319,NH
1320,H
1321,H
1322,NH
1323,NH
1324,NH
1325,NH
1326,H
1327,NH
1328,H
1329,NH
1330,NH
1331,NH
1332,NH
1333,H
1334,H
1335,NH
1336,H
1337,NH
1338,H
1339,H
1340,NH
1341,H
1342,H
1343,NH
1344,H
1345,H
1346,NH
1347,NH
1348,H
1349,NH
1350,NH
1351,NH
1352,H
1353,H
1354,H
1355,NH
1356,NH
1357,H
1358,NH
1359,NH
1360,NH
1361,H
1362,NH
1363,NH
1364,NH
1365,H
1366,NH
1367,H
1368,NH
1369,H
1370,NH
1371,NH
1372,NH
1373,H
1374,NH
1375,H
1376,NH
1377,H
1378,NH
1379,H
1380,H
1381,NH
1382,H
1383,NH
1384,NH
1385,NH
1386,H
1387,NH
1388,NH
1389,NH
1390,H
1391,NH
1392,NH
1393,H
1394,NH
1395,H
1396,NH
1397,NH
1398,H
1399,NH
1400,H
1401,NH
1402,NH
1403,NH
1404,NH
1405,NH
1406,H
1407,H
1408,H
1409,NH
1410,NH
1411,NH
1412,H
1413,H
1414,H
1415,H
1416,H
1417,H
1418,NH
1419,H
1420,H
1421,NH
1422,H
1423,NH
1424,H
1425,H
1426,H
1427,H
1428,H
1429,H
1430,H
1431,NH
1432,NH
1433,H
1434,NH
1435,NH
1436,H
1437,NH
1438,H
1439,NH
1440,NH
1441,H
1442,H
1443,NH
1444,NH
1445,NH
1446,H
1447,H
1448,H
1449,H
1450,NH
1451,NH
1452,NH
1453,NH
1454,NH
1455,NH
1456,NH
1457,NH
1458,H
1459,NH
1460,NH
1461,H
1462,H
1463,NH
1464,NH
1465,NH
1466,H
1467,H
1468,H
1469,H
1470,NH
1471,NH
1472,NH
1473,NH
1474,H
1475,H
1476,NH
1477,H
1478,NH
1479,H
1480,NH
1481,NH
1482,NH
1483,NH
1484,NH
1485,NH
1486,H
1487,NH
1488,NH
1489,H
1490,NH
1491,H
1492,H
1493,NH
1494,H
1495,H
1496,H
1497,H
1498,NH
1499,NH
1500,NH
1501,NH
1502,H
1503,NH
1504,H
1505,NH
1506,H
1507,NH
1508,NH
1509,NH
1510,H
1511,NH
1512,NH
1513,NH
1514,H
1515,H
1516,NH
1517,H
1518,H
1519,NH
1520,NH
1521,NH
1522,NH
1523,NH
1524,NH
1525,NH
1526,NH
1527,H
1528,H
1529,NH
1530,NH
1531,H
1532,H
1533,H
1534,H
1535,NH
1536,H
1537,H
1538,NH
1539,H
1540,NH
1541,NH
1542,NH
1543,H
1544,NH
1545,H
1546,H
1547,H
1548,H
1549,H
1550,NH
1551,NH
1552,NH
1553,H
1554,NH
1555,NH
1556,NH
1557,H
1558,NH
1559,NH
1560,H
1561,NH
1562,NH
1563,NH
1564,NH
1565,H
1566,NH
1567,NH
1568,NH
1569,NH
1570,NH
1571,NH
1572,NH
1573,NH
1574,NH
1575,H
1576,NH
1577,H
1578,H
1579,NH
1580,NH
1581,H
1582,NH
1583,NH
1584,NH
1585,H
1586,H
1587,NH
1588,NH
1589,NH
1590,NH
1591,H
1592,NH
1593,NH
1594,H
1595,H
1596,H
1597,H
1598,NH
1599,NH
1600,H
1601,H
1602,H
1603,NH
1604,H
1605,NH
1606,H
1607,NH
1608,H
1609,H
1610,NH
1611,NH
1612,H
1613,NH
1614,H
1615,H
1616,NH
1617,NH
1618,H
1619,H
1620,H
1621,NH
1622,NH
1623,H
1624,NH
1625,H
1626,H
1627,NH
1628,H
1629,H
1630,H
1631,NH
1632,H
1633,H
1634,H
1635,H
1636,NH
1637,H
1638,H
1639,NH
1640,NH
1641,H
1642,NH
1643,H
1644,NH
1645,H
1646,H
1647,NH
1648,NH
1649,NH
1650,NH
1651,H
1652,H
1653,NH
1654,NH
1655,NH
1656,NH
1657,H
1658,H
1659,H
1660,H
1661,NH
1662,H
1663,NH
1664,NH
1665,NH
1666,H
1667,H
1668,NH
1669,H
1670,H
1671,H
1672,H
1673,H
1674,NH
1675,H
1676,NH
1677,H
1678,NH
1679,NH
1680,H
1681,H
1682,H
1683,NH
1684,H
1685,NH
1686,NH
1687,H
1688,NH
1689,H
1690,H
1691,H
1692,NH
1693,NH
1694,NH
1695,H
1696,H
1697,H
1698,NH
1699,NH
1700,NH
1701,NH
1702,H
1703,NH
1704,NH
1705,H
1706,H
1707,H
1708,H
1709,NH
1710,H
1711,NH
1712,H
1713,NH
1714,H
1715,H
1716,NH
1717,H
1718,H
1719,NH
1720,NH
1721,NH
1722,NH
1723,NH
1724,H
1725,NH
1726,NH
1727,H
1728,H
1729,H
1730,H
1731,NH
1732,NH
1733,NH
1734,H
1735,H
1736,H
1737,NH
1738,NH
1739,NH
1740,NH
1741,NH
1742,H
1743,H
1744,NH
1745,H
1746,NH
1747,NH
1748,NH
1749,NH
1750,H
1751,NH
1752,H
1753,NH
1754,NH
1755,NH
1756,H
1757,H
1758,NH
1759,H
1760,H
1761,H
1762,H
1763,H
1764,H
1765,NH
1766,NH
1767,H
1768,H
1769,H
1770,NH
1771,NH
1772,H
1773,NH
1774,H
1775,H
1776,H
1777,NH
1778,NH
1779,H
1780,H
1781,NH
1782,H
1783,H
1784,H
1785,H
1786,NH
1787,H
1788,NH
1789,NH
1790,H
1791,H
1792,NH
1793,NH
1794,H
1795,H
1796,NH
1797,NH
1798,H
1799,H
1800,H
1801,H
1802,H
1803,NH
1804,H
1805,H
1806,H
1807,H
1808,H
1809,NH
1810,H
1811,H
1812,H
1813,NH
1814,NH
1815,NH
1816,H
1817,NH
1818,NH
1819,H
1820,H
1821,NH
1822,NH
1823,H
1824,H
1825,H
1826,H
1827,H
1828,H
1829,NH
1830,NH
1831,NH
1832,NH
1833,H
1834,NH
1835,NH
1836,NH
1837,NH
1838,H
1839,NH
1840,NH
1841,H
1842,NH
1843,NH
1844,H
1845,H
1846,H
1847,NH
1848,NH
1849,NH
1850,H
1851,NH
1852,NH
1853,H
1854,H
1855,H
1856,H
1857,H
1858,NH
1859,H
1860,H
1861,H
1862,NH
1863,NH
1864,NH
1865,H
1866,H
1867,NH
1868,H
1869,NH
1870,H
1871,H
1872,H
1873,NH
1874,NH
1875,NH
1876,NH
1877,H
1878,H
1879,NH
1880,NH
1881,NH
1882,H
1883,NH
1884,NH
1885,NH
1886,H
1887,NH
1888,NH
1889,H
1890,H
1891,H
1892,H
1893,H
1894,NH
1895,H
1896,H
1897,H
1898,NH
1899,H
1900,NH
1901,H
1902,H
1903,H
1904,H
1905,H
1906,NH
1907,H
1908,H
1909,H
1910,H
1911,NH
1912,H
1913,NH
1914,NH
1915,NH
1916,NH
1917,H
1918,H
1919,H
1920,H
1921,H
1922,NH
1923,NH
1924,H
1925,H
1926,NH
1927,NH
1928,NH
1929,H
1930,H
1931,H
1932,H
1933,NH
1934,H
1935,NH
1936,NH
1937,H
1938,NH
1939,NH
1940,NH
1941,NH
1942,NH
1943,H
1944,H
1945,NH
1946,NH
1947,NH
1948,H
1949,H
1950,H
1951,NH
1952,H
1953,H
1954,NH
1955,NH
1956,NH
1957,NH
1958,NH
1959,H
1960,NH
1961,NH
1962,NH
1963,H
1964,H
1965,H
1966,H
1967,NH
1968,NH
1969,H
1970,NH
1971,NH
1972,NH
1973,H
1974,H
1975,NH
1976,NH
1977,NH
1978,H
1979,NH
1980,NH
1981,H
1982,H
1983,H
1984,NH
1985,H
1986,H
1987,NH
1988,H
1989,NH
1990,NH
1991,NH
1992,H
1993,NH
1994,H
1995,NH
1996,NH
1997,H
1998,H
1999,NH
2000,H
2001,H
2002,H
2003,H
2004,NH
2005,H
2006,H
2007,H
2008,H
2009,NH
2010,H
2011,NH
2012,NH
2013,H
2014,NH
2015,NH
2016,H
2017,H
2018,H
2019,NH
2020,H
2021,H
2022,H
2023,NH
2024,H
2025,H
2026,NH
2027,NH
2028,NH
2029,NH
2030,H
2031,NH
2032,NH
2033,H
2034,H
2035,NH
2036,H
2037,H
2038,NH
2039,NH
2040,NH
2041,H
2042,NH
2043,H
2044,H
2045,H
2046,NH
2047,NH
2048,H
2049,H
2050,NH
2051,H
2052,NH
2053,H
2054,H
2055,H
2056,NH
2057,NH
2058,H
2059,H
2060,H
2061,NH
2062,H
2063,H
2064,NH
2065,NH
2066,NH
2067,H
2068,NH
2069,NH
2070,NH
2071,NH
2072,H
2073,NH
2074,NH
2075,NH
2076,NH
2077,H
2078,H
2079,H
2080,NH
2081,NH
2082,H
2083,NH
2084,H
2085,H
2086,H
2087,NH
2088,NH
2089,H
2090,H
2091,NH
2092,NH
2093,H
2094,NH
2095,H
2096,NH
2097,NH
2098,NH
2099,H
2100,H
2101,H
2102,NH
2103,H
2104,H
2105,H
2106,NH
2107,NH
2108,NH
2109,H
2110,H
2111,H
2112,NH
2113,NH
2114,H
2115,NH
2116,H
2117,NH
2118,NH
2119,NH
2120,NH
2121,H
2122,H
2123,NH
2124,NH
2125,NH
2126,NH
2127,NH
2128,H
2129,NH
2130,H
2131,NH
2132,H
2133,NH
2134,NH
2135,H
2136,H
2137,NH
2138,H
2139,NH
2140,H
2141,H
2142,NH
2143,NH
2144,H
2145,H
2146,H
2147,H
2148,H
2149,NH
2150,H
2151,NH
2152,NH
2153,NH
2154,NH
2155,H
2156,NH
2157,H
2158,H
2159,H
2160,H
2161,H
2162,H
2163,H
2164,NH
2165,H
2166,H
2167,NH
2168,NH
2169,H
2170,NH
2171,H
2172,H
2173,NH
2174,H
2175,H
2176,H
2177,H
2178,NH
2179,NH
2180,NH
2181,NH
2182,NH
2183,NH
2184,NH
2185,NH
2186,NH
2187,NH
2188,NH
2189,NH
2190,H
2191,H
2192,NH
2193,NH
2194,H
2195,NH
2196,NH
2197,H
2198,H
2199,H
2200,H
2201,NH
2202,H
2203,H
2204,NH
2205,NH
2206,H
2207,H
2208,NH
2209,H
2210,NH
2211,NH
2212,NH
2213,H
2214,H
2215,H
2216,NH
2217,NH
2218,NH
2219,NH
2220,NH
2221,NH
2222,NH
2223,NH
2224,H
2225,H
2226,NH
2227,NH
2228,H
2229,H
2230,H
2231,H
2232,NH
2233,H
2234,H
2235,H
2236,H
2237,NH
2238,NH
2239,NH
2240,NH
2241,H
2242,NH
2243,NH
2244,NH
2245,H
2246,NH
2247,NH
2248,H
2249,NH
2250,NH
2251,NH
2252,NH
2253,H
2254,H
2255,NH
2256,H
2257,H
2258,H
2259,H
2260,H
2261,NH
2262,NH
2263,NH
2264,H
2265,NH
2266,NH
2267,NH
2268,NH
2269,NH
2270,NH
2271,NH
2272,NH
2273,NH
2274,NH
2275,H
2276,NH
2277,NH
2278,H
2279,NH
2280,NH
2281,NH
2282,NH
2283,H
2284,NH
2285,H
2286,NH
2287,H
2288,H
2289,NH
2290,NH
2291,NH
2292,H
2293,H
2294,NH
2295,NH
2296,H
2297,NH
2298,NH
2299,NH
2300,H
2301,H
2302,H
2303,H
2304,NH
2305,NH
2306,H
2307,H
2308,H
2309,H
2310,H
2311,NH
2312,NH
2313,NH
2314,NH
2315,H
2316,NH
2317,NH
2318,NH
2319,H
2320,H
2321,H
2322,H
2323,NH
2324,H
2325,H
2326,H
2327,H
2328,NH
2329,NH
2330,NH
2331,H
2332,NH
2333,H
2334,NH
2335,H
2336,H
2337,H
2338,NH
2339,NH
2340,NH
2341,H
2342,H
2343,NH
2344,NH
2345,H
2346,H
2347,NH
2348,NH
2349,NH
2350,H
2351,H
2352,NH
2353,NH
2354,NH
2355,H
2356,NH
2357,H
2358,H
2359,H
2360,H
2361,NH
2362,NH
2363,NH
2364,H
2365,H
2366,H
2367,H
2368,NH
2369,H
2370,NH
2371,NH
2372,H
2373,NH
2374,NH
2375,H
2376,H
2377,H
2378,H
2379,H
2380,NH
2381,H
2382,NH
2383,NH
2384,NH
2385,NH
2386,NH
2387,NH
2388,H
2389,NH
2390,H
2391,H
2392,NH
2393,NH
2394,NH
2395,NH
2396,H
2397,NH
2398,H
2399,NH
2400,NH
2401,NH
2402,NH
2403,H
2404,NH
2405,H
2406,NH
2407,H
2408,NH
2409,H
2410,NH
2411,H
2412,H
2413,NH
2414,NH
2415,NH
2416,NH
2417,NH
2418,NH
2419,H
2420,H
2421,NH
2422,NH
2423,H
2424,NH
2425,H
2426,NH
2427,H
2428,NH
2429,NH
2430,H
2431,H
2432,H
2433,H
2434,H
2435,NH
2436,H
2437,H
2438,H
2439,NH
2440,NH
2441,NH
2442,H
2443,NH
2444,NH
2445,NH
2446,H
2447,H
2448,NH
2449,H
2450,NH
2451,H
2452,NH
2453,H
2454,NH
2455,H
2456,NH
2457,H
2458,NH
2459,H
2460,NH
2461,NH
2462,H
2463,NH
2464,NH
2465,H
2466,NH
2467,H
2468,NH
2469,NH
2470,H
2471,NH
2472,NH
2473,H
2474,H
2475,H
2476,NH
2477,NH
2478,NH
2479,H
2480,H
2481,NH
2482,H
2483,NH
2484,NH
2485,H
2486,H
2487,NH
2488,NH
2489,NH
2490,H
2491,H
2492,NH
2493,H
2494,H
2495,NH
2496,H
2497,NH
2498,H
2499,NH
2500,NH
2501,NH
2502,NH
2503,H
2504,NH
2505,H
2506,NH
2507,NH
2508,NH
2509,NH
2510,H
2511,NH
2512,H
2513,H
2514,H
2515,NH
2516,NH
2517,H
2518,H
2519,NH
2520,NH
2521,H
2522,NH
2523,NH
2524,NH
2525,NH
2526,H
2527,H
2528,NH
2529,H
2530,NH
2531,NH
2532,H
2533,H
2534,H
2535,NH
2536,NH
2537,NH
2538,H
2539,NH
2540,NH
2541,H
2542,NH
2543,H
2544,H
2545,H
2546,NH
2547,NH
2548,NH
2549,H
2550,NH
2551,NH
2552,NH
2553,NH
2554,NH
2555,NH
2556,NH
2557,H
2558,H
2559,NH
2560,H
2561,H
2562,NH
2563,H
2564,NH
2565,NH
2566,H
2567,H
2568,NH
2569,NH
2570,H
2571,H
2572,NH
2573,H
2574,H
2575,H
2576,H
2577,NH
2578,H
2579,NH
2580,NH
2581,H
2582,NH
2583,NH
2584,H
2585,H
2586,H
2587,H
2588,H
2589,H
2590,H
2591,NH
2592,NH
2593,H
2594,H
2595,NH
2596,H
2597,H
2598,H
2599,NH
2600,NH
2601,H
2602,NH
2603,NH
2604,NH
2605,H
2606,H
2607,H
2608,NH
2609,NH
2610,NH
2611,H
2612,NH
2613,NH
2614,NH
2615,NH
2616,NH
2617,H
2618,H
2619,NH
2620,NH
2621,H
2622,NH
2623,NH
2624,NH
2625,H
2626,NH
2627,H
2628,H
2629,H
2630,NH
2631,H
2632,NH
2633,H
2634,NH
2635,NH
2636,NH
2637,NH
2638,NH
2639,NH
2640,NH
2641,H
2642,H
2643,H
2644,H
2645,H
2646,NH
2647,H
2648,H
2649,NH
2650,H
2651,NH
2652,NH
2653,H
2654,H
2655,NH
2656,NH
2657,NH
2658,NH
2659,NH
2660,H
2661,H
2662,NH
2663,H
2664,H
2665,NH
2666,H
2667,H
2668,H
2669,NH
2670,NH
2671,H
2672,H
2673,H
2674,H
2675,NH
2676,NH
2677,H
2678,NH
2679,NH
2680,H
2681,NH
2682,NH
2683,NH
2684,H
2685,H
2686,NH
2687,NH
2688,NH
2689,NH
2690,H
2691,H
2692,NH
2693,NH
2694,H
2695,H
2696,NH
2697,NH
2698,NH
2699,H
2700,NH
2701,NH
2702,H
2703,H
2704,NH
2705,NH
2706,H
2707,NH
2708,NH
2709,NH
2710,H
2711,NH
2712,NH
2713,H
2714,NH
2715,NH
2716,NH
2717,H
2718,H
2719,NH
2720,NH
2721,H
2722,NH
2723,H
2724,NH
2725,NH
2726,H
2727,NH
2728,NH
2729,H
2730,NH
2731,NH
2732,NH
2733,H
2734,H
2735,NH
2736,H
2737,H
2738,NH
2739,NH
2740,NH
2741,H
2742,NH
2743,NH
2744,H
2745,NH
2746,H
2747,NH
2748,NH
2749,H
2750,NH
2751,H
2752,NH
2753,H
2754,NH
2755,H
2756,H
2757,H
2758,H
2759,H
2760,H
2761,H
2762,NH
2763,NH
2764,H
2765,H
2766,NH
2767,H
2768,H
2769,H
2770,NH
2771,H
2772,NH
2773,NH
2774,NH
2775,NH
2776,NH
2777,H
2778,NH
2779,NH
2780,NH
2781,NH
2782,H
2783,H
2784,NH
2785,NH
2786,NH
2787,NH
2788,NH
2789,NH
2790,NH
2791,NH
2792,H
2793,NH
2794,NH
2795,H
2796,NH
2797,H
2798,H
2799,NH
2800,NH
2801,NH
2802,NH
2803,H
2804,NH
2805,NH
2806,H
2807,NH
2808,NH
2809,H
2810,NH
2811,NH
2812,NH
2813,H
2814,H
2815,NH
2816,NH
2817,NH
2818,NH
2819,H
2820,NH
2821,NH
2822,NH
2823,NH
2824,H
2825,NH
2826,H
2827,NH
2828,NH
2829,H
2830,H
2831,H
2832,NH
2833,NH
2834,NH
2835,H
2836,H
2837,NH
2838,NH
2839,H
2840,H
2841,H
2842,NH
2843,NH
2844,NH
2845,NH
2846,NH
2847,H
2848,H
2849,NH
2850,NH
2851,H
2852,NH
2853,NH
2854,H
2855,H
2856,H
2857,NH
2858,H
2859,H
2860,H
2861,NH
2862,NH
2863,NH
2864,H
2865,H
2866,H
2867,H
2868,NH
2869,H
2870,NH
2871,H
2872,NH
2873,H
2874,NH
2875,H
2876,NH
2877,NH
2878,H
2879,H
2880,NH
2881,NH
2882,H
2883,NH
2884,H
2885,H
2886,NH
2887,NH
2888,NH
2889,H
2890,H
2891,NH
2892,H
2893,NH
2894,H
2895,H
2896,NH
2897,NH
2898,NH
2899,H
2900,H
2901,NH
2902,H
2903,NH
2904,NH
2905,NH
2906,NH
2907,H
2908,H
2909,NH
2910,NH
2911,H
2912,H
2913,NH
2914,NH
2915,H
2916,NH
2917,NH
2918,NH
2919,NH
2920,H
2921,H
2922,H
2923,NH
2924,H
2925,NH
2926,H
2927,H
2928,NH
2929,NH
2930,NH
2931,NH
2932,H
2933,NH
2934,H
2935,H
2936,NH
2937,NH
2938,NH
2939,H
2940,NH
2941,H
2942,NH
2943,NH
2944,NH
2945,NH
2946,NH
2947,H
2948,NH
2949,NH
2950,H
2951,NH
2952,H
2953,H
2954,H
2955,NH
2956,H
2957,H
2958,H
2959,H
2960,H
2961,H
2962,NH
2963,NH
2964,NH
2965,NH
2966,H
2967,H
2968,H
2969,H
2970,H
2971,H
2972,NH
2973,NH
2974,NH
2975,H
2976,NH
2977,NH
2978,NH
2979,NH
2980,NH
2981,H
2982,H
2983,H
2984,H
2985,H
2986,NH
2987,NH
2988,H
2989,NH
2990,NH
2991,H
2992,NH
2993,H
2994,H
2995,NH
2996,H
2997,H
2998,NH
2999,H
3000,H
3001,NH
3002,NH
3003,NH
3004,H
3005,NH
3006,H
3007,NH
3008,H
3009,H
3010,NH
3011,NH
3012,H
3013,NH
3014,H
3015,NH
3016,NH
3017,H
3018,H
3019,NH
3020,NH
3021,H
3022,NH
3023,NH
3024,NH
3025,H
3026,H
3027,H
3028,NH
3029,H
3030,H
3031,H
3032,NH
3033,NH
3034,NH
3035,H
3036,H
3037,NH
3038,H
3039,H
3040,NH
3041,NH
3042,NH
3043,H
3044,NH
3045,NH
3046,H
3047,NH
3048,H
3049,H
3050,NH
3051,NH
3052,H
3053,H
3054,NH
3055,H
3056,H
3057,NH
3058,H
3059,H
3060,H
3061,NH
3062,H
3063,NH
3064,NH
3065,NH
3066,NH
3067,NH
3068,H
3069,H
3070,H
3071,H
3072,NH
3073,H
3074,H
3075,NH
3076,H
3077,H
3078,H
3079,NH
3080,NH
3081,H
3082,NH
3083,H
3084,NH
3085,H
3086,H
3087,H
3088,NH
3089,H
3090,NH
3091,NH
3092,H
3093,H
3094,H
3095,H
3096,NH
3097,H
3098,NH
3099,H
3100,NH
3101,NH
3102,H
3103,H
3104,H
3105,H
3106,NH
3107,H
3108,H
3109,NH
3110,NH
3111,H
3112,H
3113,NH
3114,NH
3115,NH
3116,H
3117,H
3118,NH
3119,H
3120,NH
3121,H
3122,H
3123,H
3124,NH
3125,H
3126,H
3127,NH
3128,H
3129,NH
3130,NH
3131,NH
3132,H
3133,H
3134,NH
3135,NH
3136,H
3137,NH
3138,H
3139,NH
3140,H
3141,H
3142,H
3143,NH
3144,NH
3145,NH
3146,H
3147,H
3148,H
3149,NH
3150,H
3151,NH
3152,H
3153,H
3154,NH
3155,NH
3156,NH
3157,H
3158,NH
3159,H
3160,NH
3161,NH
3162,H
3163,H
3164,NH
3165,H
3166,H
3167,H
3168,H
3169,NH
3170,NH
3171,NH
3172,NH
3173,NH
3174,H
3175,H
3176,NH
3177,NH
3178,NH
3179,H
3180,H
3181,NH
3182,H
3183,H
3184,NH
3185,NH
3186,H
3187,NH
3188,H
3189,H
3190,NH
3191,NH
3192,NH
3193,NH
3194,NH
3195,NH
3196,NH
3197,NH
3198,NH
3199,H
3200,H
3201,H
3202,NH
3203,NH
3204,H
3205,H
3206,H
3207,H
3208,H
3209,NH
3210,H
3211,H
3212,H
3213,NH
3214,NH
3215,H
3216,NH
3217,NH
3218,NH
3219,H
3220,H
3221,NH
3222,H
3223,NH
3224,H
3225,NH
3226,NH
3227,H
3228,H
3229,NH
3230,H
3231,NH
3232,NH
3233,NH
3234,H
3235,NH
3236,H
3237,NH
3238,NH
3239,H
3240,H
3241,H
3242,H
3243,NH
3244,NH
3245,NH
3246,NH
3247,H
3248,NH
3249,H
3250,H
3251,H
3252,H
3253,NH
3254,H
3255,NH
3256,NH
3257,H
3258,H
3259,H
3260,NH
3261,NH
3262,NH
3263,NH
3264,H
3265,NH
3266,NH
3267,NH
3268,H
3269,NH
3270,NH
3271,H
3272,NH
3273,H
3274,H
3275,H
3276,H
3277,H
3278,NH
3279,NH
3280,H
3281,H
3282,H
3283,H
3284,NH
3285,NH
3286,H
3287,NH
3288,H
3289,H
3290,H
3291,H
3292,NH
3293,NH
3294,H
3295,H
3296,NH
3297,H
3298,NH
3299,H
3300,H
3301,H
3302,NH
3303,NH
3304,H
3305,H
3306,H
3307,NH
3308,NH
3309,NH
3310,H
3311,NH
3312,H
3313,H
3314,NH
3315,NH
3316,H
3317,H
3318,NH
3319,H
3320,NH
3321,NH
3322,H
3323,NH
3324,H
3325,NH
3326,NH
3327,H
3328,H
3329,NH
3330,H
3331,NH
3332,H
3333,NH
3334,H
3335,H
3336,NH
3337,H
3338,H
3339,NH
3340,NH
3341,H
3342,NH
3343,NH
3344,H
3345,NH
3346,NH
3347,NH
3348,NH
3349,H
3350,H
3351,H
3352,NH
3353,NH
3354,NH
3355,H
3356,H
3357,H
3358,NH
3359,NH
3360,NH
3361,NH
3362,H
3363,H
3364,NH
3365,NH
3366,H
3367,NH
3368,H
3369,NH
3370,NH
3371,H
3372,NH
3373,H
3374,NH
3375,H
3376,NH
3377,NH
3378,NH
3379,NH
3380,NH
3381,NH
3382,H
3383,H
3384,NH
3385,H
3386,H
3387,NH
3388,NH
3389,NH
3390,NH
3391,H
3392,H
3393,NH
3394,H
3395,NH
3396,H
3397,H
3398,H
3399,H
3400,H
3401,NH
3402,H
3403,H
3404,NH
3405,NH
3406,H
3407,NH
3408,NH
3409,NH
3410,H
3411,NH
3412,H
3413,H
3414,H
3415,H
3416,NH
3417,H
3418,NH
3419,H
3420,H
3421,H
3422,NH
3423,H
3424,NH
3425,NH
3426,NH
3427,H
3428,NH
3429,H
3430,H
3431,H
3432,NH
3433,NH
3434,H
3435,NH
3436,NH
3437,NH
3438,H
3439,H
3440,NH
3441,NH
3442,H
3443,H
3444,NH
3445,NH
3446,H
3447,NH
3448,H
3449,H
3450,H
3451,NH
3452,H
3453,NH
3454,NH
3455,NH
3456,NH
3457,NH
3458,NH
3459,H
3460,NH
3461,NH
3462,NH
3463,NH
3464,NH
3465,H
3466,H
3467,H
3468,H
3469,NH
3470,NH
3471,NH
3472,NH
3473,NH
3474,NH
3475,H
3476,H
3477,NH
3478,NH
3479,NH
3480,NH
3481,H
3482,NH
3483,H
3484,NH
3485,NH
3486,H
3487,H
3488,NH
3489,H
3490,H
3491,NH
3492,H
3493,NH
3494,NH
3495,NH
3496,NH
3497,NH
3498,H
3499,NH
3500,H
3501,H
3502,H
3503,NH
3504,H
3505,NH
3506,NH
3507,H
3508,NH
3509,NH
3510,H
3511,NH
3512,H
3513,H
3514,H
3515,H
3516,NH
3517,NH
3518,H
3519,H
3520,NH
3521,H
3522,NH
3523,H
3524,NH
3525,H
3526,H
3527,NH
3528,H
3529,NH
3530,H
3531,NH
3532,H
3533,H
3534,NH
3535,NH
3536,NH
3537,NH
3538,NH
3539,NH
3540,NH
3541,NH
3542,NH
3543,H
3544,H
3545,NH
3546,H
3547,NH
3548,NH
3549,NH
3550,NH
3551,H
3552,H
3553,H
3554,H
3555,H
3556,NH
3557,H
3558,NH
3559,NH
3560,NH
3561,NH
3562,NH
3563,NH
3564,H
3565,NH
3566,H
3567,H
3568,NH
3569,H
3570,H
3571,NH
3572,H
3573,NH
3574,H
3575,NH
3576,H
3577,H
3578,H
3579,H
3580,NH
3581,NH
3582,H
3583,NH
3584,NH
3585,H
3586,NH
3587,H
3588,H
3589,NH
3590,H
3591,NH
3592,NH
3593,NH
3594,H
3595,NH
3596,H
3597,NH
3598,NH
3599,H
3600,NH
3601,H
3602,NH
3603,NH
3604,H
3605,NH
3606,NH
3607,H
3608,NH
3609,NH
3610,NH
3611,H
3612,H
3613,H
3614,H
3615,H
3616,NH
3617,H
3618,NH
3619,NH
3620,NH
3621,H
3622,H
3623,NH
3624,NH
3625,H
3626,NH
3627,H
3628,H
3629,H
3630,H
3631,H
3632,H
3633,H
3634,H
3635,NH
3636,NH
3637,NH
3638,NH
3639,NH
3640,NH
3641,H
3642,H
3643,NH
3644,NH
3645,H
3646,H
3647,NH
3648,NH
3649,H
3650,NH
3651,NH
3652,NH
3653,H
3654,H
3655,H
3656,NH
3657,NH
3658,NH
3659,NH
3660,NH
3661,H
3662,H
3663,H
3664,NH
3665,H
3666,H
3667,NH
3668,H
3669,H
3670,H
3671,H
3672,NH
3673,NH
3674,H
3675,H
3676,NH
3677,NH
3678,NH
3679,H
3680,NH
3681,NH
3682,H
3683,NH
3684,NH
3685,NH
3686,H
3687,H
3688,H
3689,H
3690,NH
3691,NH
3692,H
3693,NH
3694,H
3695,NH
3696,H
3697,NH
3698,NH
3699,H
3700,H
3701,H
3702,NH
3703,H
3704,H
3705,NH
3706,NH
3707,NH
3708,NH
3709,NH
3710,H
3711,H
3712,H
3713,NH
3714,NH
3715,H
3716,H
3717,NH
3718,NH
3719,H
3720,NH
3721,H
3722,NH
3723,H
3724,NH
3725,NH
3726,H
3727,H
3728,NH
3729,H
3730,H
3731,H
3732,NH
3733,H
3734,NH
3735,H
3736,NH
3737,H
3738,H
3739,NH
3740,H
3741,NH
3742,NH
3743,NH
3744,NH
3745,H
3746,NH
3747,NH
3748,NH
3749,H
3750,H
3751,H
3752,H
3753,NH
3754,NH
3755,H
3756,NH
3757,H
3758,H
3759,H
3760,NH
3761,H
3762,NH
3763,H
3764,NH
3765,H
3766,NH
3767,H
3768,H
3769,NH
3770,NH
3771,H
3772,H
3773,NH
3774,NH
3775,H
3776,H
3777,H
3778,NH
3779,H
3780,NH
3781,H
3782,NH
3783,H
3784,NH
3785,NH
3786,NH
3787,NH
3788,H
3789,H
3790,H
3791,NH
3792,H
3793,NH
3794,H
3795,NH
3796,NH
3797,H
3798,NH
3799,NH
3800,NH
3801,NH
3802,NH
3803,NH
3804,NH
3805,NH
3806,NH
3807,NH
3808,H
3809,NH
3810,H
3811,H
3812,NH
3813,NH
3814,NH
3815,NH
3816,NH
3817,H
3818,H
3819,NH
3820,NH
3821,H
3822,H
3823,NH
3824,H
3825,H
3826,H
3827,NH
3828,NH
3829,H
3830,NH
3831,NH
3832,H
3833,H
3834,NH
3835,NH
3836,NH
3837,NH
3838,NH
3839,NH
3840,H
3841,NH
3842,H
3843,H
3844,NH
3845,NH
3846,H
3847,H
3848,H
3849,H
3850,H
3851,H
3852,H
3853,H
3854,NH
3855,NH
3856,NH
3857,NH
3858,H
3859,H
3860,NH
3861,NH
3862,H
3863,NH
3864,NH
3865,NH
3866,H
3867,H
3868,H
3869,H
3870,NH
3871,H
3872,H
3873,NH
3874,H
3875,NH
3876,H
3877,NH
3878,H
3879,NH
3880,NH
3881,NH
3882,H
3883,NH
3884,H
3885,NH
3886,NH
3887,NH
3888,H
3889,NH
3890,NH
3891,H
3892,NH
3893,NH
3894,H
3895,NH
3896,NH
3897,H
3898,NH
3899,H
3900,H
3901,NH
3902,NH
3903,H
3904,H
3905,NH
3906,H
3907,NH
3908,H
3909,H
3910,H
3911,NH
3912,NH
3913,NH
3914,NH
3915,H
3916,NH
3917,NH
3918,H
3919,NH
3920,NH
3921,H
3922,NH
3923,H
3924,H
3925,NH
3926,NH
3927,NH
3928,NH
3929,NH
3930,H
3931,H
3932,NH
3933,NH
3934,H
3935,NH
3936,NH
3937,H
3938,H
3939,H
3940,NH
3941,H
3942,H
3943,H
3944,H
3945,NH
3946,H
3947,H
3948,H
3949,NH
3950,NH
3951,H
3952,NH
3953,NH
3954,NH
3955,NH
3956,H
3957,NH
3958,H
3959,NH
3960,NH
3961,NH
3962,H
3963,NH
3964,H
3965,NH
3966,NH
3967,NH
3968,NH
3969,NH
3970,NH
3971,NH
3972,H
3973,NH
3974,NH
3975,NH
3976,NH
3977,NH
3978,NH
3979,H
3980,H
3981,NH
3982,NH
3983,NH
3984,NH
3985,NH
3986,NH
3987,H
3988,NH
3989,NH
3990,NH
3991,H
3992,NH
3993,NH
3994,H
3995,H
3996,NH
3997,NH
3998,H
3999,H
4000,NH
4001,H
4002,H
4003,NH
4004,H
4005,NH
4006,NH
4007,H
4008,H
4009,NH
4010,H
4011,NH
4012,H
4013,NH
4014,H
4015,NH
4016,H
4017,NH
4018,NH
4019,H
4020,H
4021,H
4022,NH
4023,H
4024,NH
4025,NH
4026,NH
4027,NH
4028,NH
4029,H
4030,H
4031,H
4032,H
4033,NH
4034,NH
4035,NH
4036,NH
4037,NH
4038,H
4039,NH
4040,H
4041,NH
4042,H
4043,H
4044,H
4045,NH
4046,NH
4047,H
4048,NH
4049,NH
4050,H
4051,H
4052,NH
4053,NH
4054,H
4055,NH
4056,H
4057,NH
4058,H
4059,NH
4060,NH
4061,H
4062,NH
4063,H
4064,H
4065,NH
4066,H
4067,NH
4068,NH
4069,H
4070,H
4071,H
4072,H
4073,H
4074,NH
4075,H
4076,NH
4077,H
4078,H
4079,H
4080,NH
4081,NH
4082,H
4083,NH
4084,H
4085,NH
4086,H
4087,H
4088,NH
4089,H
4090,H
4091,NH
4092,NH
4093,H
4094,NH
4095,H
4096,NH
4097,NH
4098,H
4099,NH
4100,H
4101,H
4102,NH
4103,H
4104,H
4105,NH
4106,H
4107,H
4108,NH
4109,NH
4110,NH
4111,H
4112,NH
4113,NH
4114,H
4115,NH
4116,H
4117,H
4118,H
4119,NH
4120,H
4121,NH
4122,H
4123,NH
4124,NH
4125,H
4126,H
4127,H
4128,NH
4129,NH
4130,NH
4131,H
4132,H
4133,H
4134,NH
4135,NH
4136,NH
4137,H
4138,NH
4139,H
4140,H
4141,H
4142,NH
4143,NH
4144,NH
4145,NH
4146,H
4147,NH
4148,NH
4149,NH
4150,NH
4151,NH
4152,H
4153,H
4154,H
4155,H
4156,NH
4157,NH
4158,NH
4159,NH
4160,NH
4161,NH
4162,NH
4163,H
4164,H
4165,NH
4166,H
4167,NH
4168,NH
4169,H
4170,H
4171,H
4172,H
4173,H
4174,NH
4175,NH
4176,H
4177,H
4178,NH
4179,H
4180,NH
4181,H
4182,H
4183,NH
4184,NH
4185,H
4186,H
4187,H
4188,NH
4189,H
4190,H
4191,NH
4192,H
4193,H
4194,NH
4195,NH
4196,H
4197,NH
4198,NH
4199,NH
4200,H
4201,NH
4202,NH
4203,H
4204,H
4205,NH
4206,NH
4207,NH
4208,NH
4209,H
4210,H
4211,H
4212,H
4213,NH
4214,NH
4215,NH
4216,NH
4217,NH
4218,NH
4219,H
4220,H
4221,NH
4222,H
4223,NH
4224,NH
4225,NH
4226,NH
4227,H
4228,H
4229,NH
4230,H
4231,NH
4232,NH
4233,NH
4234,NH
4235,H
4236,H
4237,NH
4238,NH
4239,H
4240,H
4241,NH
4242,H
4243,NH
4244,NH
4245,NH
4246,NH
4247,NH
4248,H
4249,H
4250,H
4251,H
4252,H
4253,H
4254,NH
4255,NH
4256,H
4257,NH
4258,NH
4259,H
4260,NH
4261,H
4262,NH
4263,NH
4264,H
4265,NH
4266,NH
4267,H
4268,NH
4269,NH
4270,H
4271,H
4272,NH
4273,NH
4274,NH
4275,NH
4276,NH
4277,NH
4278,H
4279,NH
4280,NH
4281,H
4282,NH
4283,NH
4284,H
4285,NH
4286,NH
4287,H
4288,NH
4289,H
4290,H
4291,H
4292,NH
4293,H
4294,NH
4295,H
4296,H
4297,NH
4298,NH
4299,NH
4300,NH
4301,H
4302,H
4303,NH
4304,H
4305,NH
4306,H
4307,NH
4308,H
4309,H
4310,NH
4311,NH
4312,NH
4313,H
4314,NH
4315,H
4316,H
4317,H
4318,NH
4319,NH
4320,NH
4321,H
4322,NH
4323,NH
4324,NH
4325,NH
4326,H
4327,H
4328,H
4329,H
4330,NH
4331,H
4332,NH
4333,NH
4334,NH
4335,H
4336,NH
4337,NH
4338,H
4339,H
4340,NH
4341,H
4342,NH
4343,H
4344,H
4345,NH
4346,H
4347,NH
4348,NH
4349,H
4350,H
4351,H
4352,NH
4353,NH
4354,H
4355,NH
4356,NH
4357,H
4358,NH
4359,NH
4360,H
4361,NH
4362,H
4363,NH
4364,NH
4365,NH
4366,H
4367,H
4368,H
4369,NH
4370,NH
4371,H
4372,NH
4373,H
4374,NH
4375,NH
4376,NH
4377,NH
4378,H
4379,NH
4380,NH
4381,H
4382,NH
4383,H
4384,NH
4385,NH
4386,H
4387,NH
4388,NH
4389,NH
4390,NH
4391,NH
4392,NH
4393,H
4394,NH
4395,H
4396,NH
4397,H
4398,NH
4399,H
4400,H
4401,NH
4402,H
4403,NH
4404,NH
4405,NH
4406,H
4407,NH
4408,NH
4409,H
4410,NH
4411,NH
4412,NH
4413,NH
4414,NH
4415,H
4416,H
4417,H
4418,NH
4419,NH
4420,H
4421,NH
4422,NH
4423,H
4424,NH
4425,H
4426,H
4427,NH
4428,NH
4429,NH
4430,H
4431,NH
4432,H
4433,H
4434,NH
4435,H
4436,H
4437,H
4438,H
4439,NH
4440,H
4441,H
4442,H
4443,H
4444,NH
4445,NH
4446,H
4447,H
4448,H
4449,NH
4450,H
4451,H
4452,H
4453,NH
4454,NH
4455,NH
4456,H
4457,NH
4458,H
4459,NH
4460,NH
4461,H
4462,NH
4463,H
4464,H
4465,H
4466,H
4467,H
4468,H
4469,H
4470,NH
4471,NH
4472,H
4473,NH
4474,NH
4475,H
4476,H
4477,H
4478,H
4479,H
4480,NH
4481,NH
4482,H
4483,H
4484,NH
4485,H
4486,NH
4487,NH
4488,NH
4489,NH
4490,H
4491,NH
4492,H
4493,NH
4494,NH
4495,NH
4496,H
4497,NH
4498,H
4499,NH
4500,NH
4501,NH
4502,NH
4503,NH
4504,NH
4505,H
4506,NH
4507,NH
4508,H
4509,NH
4510,H
4511,NH
4512,NH
4513,H
4514,NH
4515,H
4516,H
4517,H
4518,H
4519,NH
4520,NH
4521,H
4522,NH
4523,NH
4524,H
4525,NH
4526,H
4527,NH
4528,NH
4529,NH
4530,NH
4531,H
4532,NH
4533,NH
4534,NH
4535,NH
4536,NH
4537,H
4538,NH
4539,NH
4540,NH
4541,H
4542,NH
4543,H
4544,H
4545,NH
4546,NH
4547,NH
4548,H
4549,NH
4550,H
4551,H
4552,NH
4553,NH
4554,NH
4555,NH
4556,H
4557,NH
4558,H
4559,NH
4560,NH
4561,H
4562,NH
4563,NH
4564,NH
4565,NH
4566,H
4567,H
4568,NH
4569,H
4570,H
4571,NH
4572,NH
4573,NH
4574,H
4575,NH
4576,NH
4577,H
4578,H
4579,H
4580,NH
4581,NH
4582,H
4583,H
4584,H
4585,H
4586,NH
4587,H
4588,H
4589,NH
4590,NH
4591,H
4592,NH
4593,NH
4594,H
4595,NH
4596,NH
4597,H
4598,NH
4599,NH
4600,H
4601,NH
4602,NH
4603,NH
4604,H
4605,NH
4606,H
4607,NH
4608,NH
4609,H
4610,H
4611,NH
4612,H
4613,NH
4614,H
4615,NH
4616,NH
4617,NH
4618,NH
4619,H
4620,NH
4621,H
4622,NH
4623,H
4624,H
4625,NH
4626,NH
4627,H
4628,NH
4629,NH
4630,H
4631,H
4632,H
4633,NH
4634,NH
4635,NH
4636,H
4637,NH
4638,NH
4639,NH
4640,NH
4641,NH
4642,H
4643,H
4644,NH
4645,H
4646,H
4647,H
4648,NH
4649,H
4650,H
4651,NH
4652,H
4653,H
4654,H
4655,NH
4656,H
4657,NH
4658,H
4659,NH
4660,H
4661,NH
4662,NH
4663,H
4664,H
4665,H
4666,H
4667,H
4668,NH
4669,NH
4670,H
4671,NH
4672,NH
4673,NH
4674,H
4675,H
4676,NH
4677,NH
4678,H
4679,NH
4680,NH
4681,NH
4682,H
4683,H
4684,H
4685,H
4686,H
4687,H
4688,H
4689,NH
4690,H
4691,H
4692,NH
4693,H
4694,NH
4695,NH
4696,NH
4697,NH
4698,H
4699,NH
4700,H
4701,H
4702,NH
4703,NH
4704,H
4705,NH
4706,NH
4707,NH
4708,H
4709,NH
4710,H
4711,H
4712,H
4713,NH
4714,H
4715,NH
4716,NH
4717,NH
4718,NH
4719,NH
4720,NH
4721,NH
4722,H
4723,H
4724,H
4725,NH
4726,NH
4727,NH
4728,NH
4729,NH
4730,NH
4731,NH
4732,H
4733,NH
4734,NH
4735,H
4736,H
4737,NH
4738,NH
4739,NH
4740,NH
4741,NH
4742,H
4743,H
4744,NH
4745,NH
4746,H
4747,H
4748,NH
4749,H
4750,H
4751,NH
4752,H
4753,H
4754,NH
4755,NH
4756,NH
4757,NH
4758,NH
4759,H
4760,NH
4761,H
4762,NH
4763,NH
4764,H
4765,H
4766,H
4767,NH
4768,NH
4769,NH
4770,H
4771,H
4772,NH
4773,H
4774,H
4775,NH
4776,NH
4777,H
4778,NH
4779,NH
4780,H
4781,H
4782,H
4783,NH
4784,NH
4785,H
4786,H
4787,NH
4788,H
4789,NH
4790,H
4791,H
4792,NH
4793,NH
4794,NH
4795,H
4796,H
4797,H
4798,NH
4799,NH
4800,NH
4801,H
4802,H
4803,H
4804,NH
4805,NH
4806,NH
4807,H
4808,NH
4809,H
4810,NH
4811,NH
4812,NH
4813,H
4814,NH
4815,NH
4816,NH
4817,NH
4818,H
4819,NH
4820,H
4821,NH
4822,H
4823,NH
4824,H
4825,H
4826,H
4827,H
4828,H
4829,NH
4830,NH
4831,NH
4832,H
4833,H
4834,NH
4835,H
4836,H
4837,H
4838,NH
4839,NH
4840,NH
4841,H
4842,H
4843,H
4844,NH
4845,H
4846,H
4847,NH
4848,NH
4849,NH
4850,NH
4851,NH
4852,H
4853,H
4854,H
4855,H
4856,H
4857,H
4858,NH
4859,NH
4860,H
4861,NH
4862,NH
4863,NH
4864,H
4865,H
4866,NH
4867,H
4868,H
4869,H
4870,H
4871,H
4872,NH
4873,NH
4874,H
4875,NH
4876,NH
4877,NH
4878,H
4879,H
4880,H
4881,NH
4882,NH
4883,H
4884,NH
4885,H
4886,H
4887,H
4888,NH
4889,H
4890,NH
4891,NH
4892,H
4893,NH
4894,H
4895,NH
4896,NH
4897,NH
4898,NH
4899,NH
4900,NH
4901,H
4902,NH
4903,H
4904,NH
4905,NH
4906,H
4907,NH
4908,H
4909,H
4910,NH
4911,H
4912,H
4913,NH
4914,NH
4915,H
4916,H
4917,H
4918,NH
4919,NH
4920,H
4921,H
4922,NH
4923,H
4924,H
4925,NH
4926,NH
4927,H
4928,H
4929,H
4930,NH
4931,NH
4932,NH
4933,H
4934,H
4935,NH
4936,NH
4937,NH
4938,H
4939,NH
4940,H
4941,NH
4942,NH
4943,NH
4944,NH
4945,NH
4946,NH
4947,H
4948,NH
4949,NH
4950,NH
4951,H
4952,NH
4953,NH
4954,NH
4955,H
4956,NH
4957,NH
4958,H
4959,H
4960,NH
4961,NH
4962,NH
4963,NH
4964,H
4965,H
4966,NH
4967,H
4968,NH
4969,NH
4970,NH
4971,H
4972,NH
4973,NH
4974,H
4975,NH
4976,NH
4977,NH
4978,H
4979,NH
4980,NH
4981,NH
4982,NH
4983,NH
4984,NH
4985,H
4986,NH
4987,H
4988,NH
4989,NH
4990,NH
4991,H
4992,H
4993,NH
4994,NH
4995,H
4996,H
4997,NH
4998,H
4999,H
5000,NH
5001,H
5002,NH
5003,H
5004,H
5005,NH
5006,H
5007,H
5008,H
5009,H
5010,NH
5011,NH
5012,NH
5013,H
5014,H
5015,H
5016,H
5017,NH
5018,H
5019,NH
5020,NH
5021,H
5022,NH
5023,H
5024,NH
5025,H
5026,NH
5027,NH
5028,NH
5029,H
5030,H
5031,H
5032,NH
5033,NH
5034,NH
5035,H
5036,NH
5037,NH
5038,H
5039,NH
5040,H
5041,NH
5042,H
5043,NH
5044,H
5045,NH
5046,NH
5047,H
5048,NH
5049,NH
5050,NH
5051,H
5052,H
5053,NH
5054,H
5055,H
5056,NH
5057,H
5058,NH
5059,NH
5060,NH
5061,H
5062,H
5063,H
5064,NH
5065,NH
5066,NH
5067,H
5068,NH
5069,H
5070,NH
5071,NH
5072,NH
5073,H
5074,H
5075,NH
5076,H
5077,H
5078,NH
5079,NH
5080,NH
5081,NH
5082,H
5083,H
5084,H
5085,H
5086,NH
5087,H
5088,H
5089,NH
5090,H
5091,H
5092,H
5093,NH
5094,NH
5095,NH
5096,H
5097,H
5098,NH
5099,H
5100,NH
5101,NH
5102,H
5103,H
5104,H
5105,H
5106,H
5107,NH
5108,NH
5109,NH
5110,H
5111,NH
5112,H
5113,NH
5114,NH
5115,NH
5116,H
5117,NH
5118,H
5119,NH
5120,NH
5121,NH
5122,NH
5123,H
5124,NH
5125,NH
5126,H
5127,NH
5128,NH
5129,H
5130,NH
5131,H
5132,NH
5133,H
5134,NH
5135,NH
5136,H
5137,NH
5138,H
5139,NH
5140,H
5141,H
5142,H
5143,NH
5144,H
5145,NH
5146,NH
5147,H
5148,H
5149,NH
5150,NH
5151,NH
5152,NH
5153,NH
5154,NH
5155,NH
5156,H
5157,NH
5158,H
5159,NH
5160,NH
5161,NH
5162,NH
5163,H
5164,H
5165,H
5166,H
5167,NH
5168,H
5169,NH
5170,NH
5171,NH
5172,NH
5173,NH
5174,NH
5175,NH
5176,H
5177,NH
5178,NH
5179,NH
5180,H
5181,H
5182,H
5183,NH
5184,H
5185,NH
5186,H
5187,NH
5188,NH
5189,H
5190,NH
5191,NH
5192,NH
5193,H
5194,H
5195,NH
5196,H
5197,NH
5198,NH
5199,NH
5200,NH
5201,H
5202,H
5203,H
5204,H
5205,NH
5206,H
5207,H
5208,H
5209,NH
5210,H
5211,H
5212,H
5213,NH
5214,NH
5215,H
5216,H
5217,NH
5218,NH
5219,H
5220,H
5221,H
5222,NH
5223,NH
5224,H
5225,NH
5226,H
5227,H
5228,NH
5229,NH
5230,H
5231,NH
5232,H
5233,NH
5234,H
5235,H
5236,NH
5237,NH
5238,NH
5239,H
5240,H
5241,H
5242,H
5243,H
5244,H
5245,NH
5246,NH
5247,H
5248,H
5249,NH
5250,NH
5251,H
5252,NH
5253,NH
5254,NH
5255,NH
5256,NH
5257,H
5258,NH
5259,H
5260,H
5261,NH
5262,H
5263,H
5264,H
5265,H
5266,NH
5267,NH
5268,NH
5269,H
5270,NH
5271,NH
5272,NH
5273,NH
5274,NH
5275,NH
5276,H
5277,H
5278,NH
5279,H
5280,H
5281,H
5282,NH
5283,H
5284,H
5285,H
5286,H
5287,NH
5288,NH
5289,H
5290,NH
5291,NH
5292,NH
5293,H
5294,NH
5295,H
5296,NH
5297,H
5298,NH
5299,NH
5300,NH
5301,H
5302,H
5303,NH
5304,H
5305,NH
5306,NH
5307,NH
5308,H
5309,NH
5310,H
5311,NH
5312,H
5313,H
5314,NH
5315,NH
5316,H
5317,H
5318,H
5319,H
5320,NH
5321,NH
5322,NH
5323,H
5324,H
5325,NH
5326,NH
5327,NH
5328,NH
5329,NH
5330,NH
5331,NH
5332,NH
5333,H
5334,NH
5335,NH
5336,NH
5337,NH
5338,H
5339,H
5340,H
5341,NH
5342,NH
5343,NH
5344,NH
5345,NH
5346,NH
5347,NH
5348,NH
5349,NH
5350,NH
5351,NH
5352,NH
5353,NH
5354,H
5355,NH
5356,NH
5357,NH
5358,H
5359,H
5360,H
5361,NH
5362,H
5363,H
5364,H
5365,H
5366,NH
5367,H
5368,NH
5369,H
5370,NH
5371,H
5372,H
5373,NH
5374,NH
5375,NH
5376,NH
5377,NH
5378,NH
5379,H
5380,NH
5381,H
5382,H
5383,NH
5384,H
5385,H
5386,H
5387,NH
5388,NH
5389,NH
5390,NH
5391,NH
5392,NH
5393,H
5394,H
5395,NH
5396,NH
5397,H
5398,NH
5399,NH
5400,H
5401,NH
5402,NH
5403,H
5404,NH
5405,NH
5406,NH
5407,H
5408,H
5409,NH
5410,H
5411,NH
5412,H
5413,NH
5414,NH
5415,H
5416,NH
5417,NH
5418,NH
5419,H
5420,NH
5421,NH
5422,H
5423,NH
5424,NH
5425,H
5426,NH
5427,H
5428,H
5429,H
5430,NH
5431,H
5432,H
5433,H
5434,H
5435,NH
5436,NH
5437,NH
5438,NH
5439,NH
5440,H
5441,H
5442,NH
5443,NH
5444,NH
5445,NH
5446,NH
5447,H
5448,H
5449,NH
5450,NH
5451,NH
5452,H
5453,NH
5454,H
5455,H
5456,H
5457,NH
5458,NH
5459,NH
5460,H
5461,NH
5462,NH
5463,NH
5464,H
5465,NH
5466,H
5467,NH
5468,H
5469,NH
5470,H
5471,H
5472,H
5473,NH
5474,NH
5475,NH
5476,NH
5477,NH
5478,NH
5479,H
5480,H
5481,NH
5482,NH
5483,NH
5484,NH
5485,NH
5486,NH
5487,NH
5488,H
5489,H
5490,NH
5491,NH
5492,NH
5493,H
5494,H
5495,NH
5496,H
5497,H
5498,H
5499,H
5500,H
5501,NH
5502,NH
5503,NH
5504,H
5505,NH
5506,H
5507,H
5508,NH
5509,NH
5510,H
5511,NH
5512,H
5513,H
5514,H
5515,NH
5516,H
5517,H
5518,NH
5519,NH
5520,H
5521,NH
5522,NH
5523,NH
5524,NH
5525,NH
5526,H
5527,H
5528,NH
5529,NH
5530,NH
5531,H
5532,NH
5533,H
5534,H
5535,H
5536,H
5537,NH
5538,NH
5539,H
5540,NH
5541,H
5542,NH
5543,NH
5544,NH
5545,H
5546,NH
5547,NH
5548,NH
5549,NH
5550,NH
5551,NH
5552,H
5553,H
5554,NH
5555,NH
5556,NH
5557,H
5558,H
5559,NH
5560,H
5561,NH
5562,NH
5563,H
5564,H
5565,NH
5566,NH
5567,H
5568,NH
5569,NH
5570,NH
5571,H
5572,NH
5573,NH
5574,NH
5575,H
5576,NH
5577,H
5578,NH
5579,NH
5580,H
5581,NH
5582,H
5583,NH
5584,H
5585,H
5586,H
5587,H
5588,NH
5589,H
5590,NH
5591,NH
5592,NH
5593,NH
5594,H
5595,H
5596,H
5597,H
5598,NH
5599,NH
5600,H
5601,NH
5602,NH
5603,H
5604,NH
5605,NH
5606,NH
5607,H
5608,H
5609,NH
5610,NH
5611,NH
5612,H
5613,NH
5614,NH
5615,NH
5616,H
5617,NH
5618,NH
5619,NH
5620,NH
5621,H
5622,H
5623,H
5624,NH
5625,NH
5626,NH
5627,H
5628,NH
5629,NH
5630,NH
5631,H
5632,H
5633,NH
5634,H
5635,H
5636,H
5637,H
5638,NH
5639,NH
5640,H
5641,NH
5642,H
5643,NH
5644,NH
5645,NH
5646,H
5647,H
5648,NH
5649,NH
5650,NH
5651,NH
5652,NH
5653,NH
5654,NH
5655,H
5656,H
5657,H
5658,H
5659,NH
5660,NH
5661,NH
5662,H
5663,H
5664,NH
5665,NH
5666,H
5667,H
5668,H
5669,NH
5670,H
5671,NH
5672,NH
5673,H
5674,H
5675,NH
5676,NH
5677,NH
5678,H
5679,H
5680,NH
5681,H
5682,NH
5683,H
5684,NH
5685,NH
5686,H
5687,NH
5688,H
5689,H
5690,H
5691,NH
5692,H
5693,H
5694,H
5695,H
5696,NH
5697,NH
5698,NH
5699,H
5700,NH
5701,NH
5702,NH
5703,H
5704,H
5705,NH
5706,NH
5707,NH
5708,NH
5709,H
5710,H
5711,H
5712,NH
5713,NH
5714,NH
5715,H
5716,NH
5717,NH
5718,NH
5719,H
5720,H
5721,NH
5722,H
5723,NH
5724,H
5725,NH
5726,NH
5727,NH
5728,H
5729,NH
5730,H
5731,H
5732,NH
5733,H
5734,NH
5735,NH
5736,NH
5737,NH
5738,NH
5739,NH
5740,NH
5741,H
5742,NH
5743,H
5744,H
5745,H
5746,H
5747,H
5748,H
5749,H
5750,H
5751,H
5752,H
5753,H
5754,NH
5755,NH
5756,NH
5757,NH
5758,NH
5759,H
5760,NH
5761,NH
5762,NH
5763,NH
5764,NH
5765,NH
5766,NH
5767,NH
5768,NH
5769,H
5770,H
5771,H
5772,H
5773,NH
5774,NH
5775,H
5776,NH
5777,NH
5778,H
5779,NH
5780,NH
5781,NH
5782,H
5783,NH
5784,H
5785,H
5786,NH
5787,H
5788,H
5789,NH
5790,NH
5791,NH
5792,H
5793,NH
5794,NH
5795,H
5796,NH
5797,H
5798,NH
5799,H
5800,NH
5801,H
5802,H
5803,NH
5804,NH
5805,NH
5806,H
5807,NH
5808,H
5809,NH
5810,NH
5811,NH
5812,NH
5813,NH
5814,NH
5815,H
5816,H
5817,H
5818,NH
5819,H
5820,NH
5821,H
5822,NH
5823,NH
5824,H
5825,H
5826,H
5827,NH
5828,H
5829,NH
5830,H
5831,NH
5832,H
5833,H
5834,H
5835,H
5836,NH
5837,H
5838,NH
5839,H
5840,H
5841,H
5842,NH
5843,H
5844,H
5845,H
5846,H
5847,NH
5848,H
5849,H
5850,H
5851,H
5852,NH
5853,H
5854,NH
5855,NH
5856,NH
5857,H
5858,H
5859,H
5860,NH
5861,H
5862,NH
5863,H
5864,NH
5865,H
5866,NH
5867,H
5868,H
5869,NH
5870,H
5871,H
5872,H
5873,NH
5874,NH
5875,H
5876,NH
5877,NH
5878,H
5879,NH
5880,NH
5881,H
5882,H
5883,H
5884,H
5885,H
5886,NH
5887,NH
5888,H
5889,NH
5890,H
5891,H
5892,NH
5893,NH
5894,H
5895,NH
5896,NH
5897,NH
5898,H
5899,H
5900,H
5901,H
5902,NH
5903,NH
5904,NH
5905,H
5906,NH
5907,H
5908,H
5909,NH
5910,NH
5911,NH
5912,NH
5913,NH
5914,NH
5915,NH
5916,H
5917,H
5918,H
5919,H
5920,NH
5921,NH
5922,H
5923,NH
5924,NH
5925,NH
5926,H
5927,NH
5928,NH
5929,NH
5930,H
5931,NH
5932,H
5933,H
5934,NH
5935,H
5936,H
5937,H
5938,NH
5939,H
5940,H
5941,H
5942,H
5943,NH
5944,H
5945,NH
5946,NH
5947,NH
5948,H
5949,NH
5950,H
5951,H
5952,H
5953,NH
5954,NH
5955,H
5956,H
5957,H
5958,H
5959,H
5960,NH
5961,H
5962,H
5963,NH
5964,NH
5965,NH
5966,H
5967,NH
5968,NH
5969,H
5970,H
5971,H
5972,H
5973,H
5974,H
5975,H
5976,NH
5977,NH
5978,H
5979,NH
5980,NH
5981,NH
5982,H
5983,NH
5984,NH
5985,H
5986,H
5987,H
5988,NH
5989,NH
5990,H
5991,NH
5992,NH
5993,H
5994,H
5995,NH
5996,H
5997,H
5998,H
5999,H
6000,NH
6001,H
6002,NH
6003,NH
6004,H
6005,NH
6006,NH
6007,H
6008,NH
6009,H
6010,H
6011,NH
6012,H
6013,NH
6014,H
6015,NH
6016,H
6017,NH
6018,H
6019,H
6020,H
6021,NH
6022,NH
6023,H
6024,H
6025,H
6026,NH
6027,NH
6028,NH
6029,H
6030,H
6031,NH
6032,H
6033,NH
6034,NH
6035,NH
6036,NH
6037,NH
6038,NH
6039,NH
6040,NH
6041,NH
6042,H
6043,NH
6044,H
6045,NH
6046,NH
6047,NH
6048,H
6049,H
6050,H
6051,H
6052,NH
6053,H
6054,NH
6055,H
6056,NH
6057,H
6058,H
6059,NH
6060,NH
6061,NH
6062,H
6063,H
6064,NH
6065,H
6066,H
6067,H
6068,NH
6069,NH
6070,H
6071,NH
6072,H
6073,NH
6074,NH
6075,H
6076,H
6077,NH
6078,H
6079,NH
